<?xml version="1.0" encoding="utf-8"?>
<AutoStore NSI_SIG2="8E09230125293A6F11999A452E80C909CCA9D61A3BE651E6268FB5C6321D5643EC073CE3C1487245ADF9B50D393615E6">
	<Header Version="2" DateCreated="2021-01-04" TimeCreated="16:17:40" AUTHOR="" COMMENTS=""/>
	<KnowledgeObjects ObjID="2285160098-13767-19455-178-109">
		<KnowledgeObject ObjID="3463598309-18463-19919-131-12">
			<KnowledgeDocuments>
				<KnowledgeDocument Type="tif" Name="r127.0.0.1_8f333c49-380d-447c-b001-91aad319f38f.tif" ObjID="1572880742-52894-18444-154-11" DocRef="1068676365-39130-17037-181-156.dat"/>
			</KnowledgeDocuments>
			<KnowledgeFields>
				<Field Name="UserName" Value="john.campbellhiggens@kofax.com"/>
				<Field Name="Password" Value="Tyl3r5K1ngd0m!"/>
				<Field Name="LoginButton" Value="Login"/>
				<Field Name="Org" Value="Kofax UK Ltd"/>
				<Field Name="Cabinets" Value="Kofax Test"/>
				<Field Name="Status" Value="Kofax UK Ltd"/>
				<Field Name="#DW_DOCUMENT_TYPE" Value=""/>
				<Field Name="#DW_COMPANY" Value=""/>
				<Field Name="#DW_DATE" Value=""/>
				<Field Name="#DW_CONTACT" Value=""/>
				<Field Name="#DW_CUSTOMER_ID" Value=""/>
				<Field Name="#DW_EMAIL" Value=""/>
				<Field Name="#DW_SUBJECT" Value=""/>
				<Field Name="#DW_STATUS" Value=""/>
				<Field Name="#DW_PENDING_DATE" Value=""/>
				<Field Name="#DW_DOCUMENT_NUMBER" Value=""/>
				<Field Name="#DW_PROJECT" Value=""/>
				<Field Name="#DW_AMOUNT" Value=""/>
				<Field Name="#DW_VAT_ID" Value=""/>
				<Field Name="#DW_IBAN" Value=""/>
			</KnowledgeFields>
		</KnowledgeObject>
	</KnowledgeObjects>
</AutoStore>
