<?xml version="1.0" encoding="utf-8"?>
<AutoStore NSI_SIG2="9FBFA805A86AF771C0B25F3777C521BFEB60EAA1374FED6CFC341B2775B045A1376C105A392601D9D7FE0732CD740834">
	<Header Version="2" DateCreated="2021-01-04" TimeCreated="16:16:08" AUTHOR="" COMMENTS=""/>
	<KnowledgeObjects ObjID="1371825666-33332-18034-151-74">
		<KnowledgeObject ObjID="2838505564-8814-19231-140-62">
			<KnowledgeDocuments>
				<KnowledgeDocument Type="tif" Name="r127.0.0.1_16708a5e-c191-4703-bc26-6515f0d84874.tif" ObjID="2872004924-35986-18251-157-52" DocRef="4011716362-40922-19292-182-81.dat"/>
			</KnowledgeDocuments>
			<KnowledgeFields>
				<Field Name="UserName" Value="john.campbellhiggens@kofax.com"/>
				<Field Name="Password" Value="Tyl3r5K1ngd0m!"/>
				<Field Name="LoginButton" Value="Login"/>
				<Field Name="Org" Value="Kofax UK Ltd"/>
				<Field Name="Cabinets" Value="Kofax Test"/>
				<Field Name="Status" Value="Kofax UK Ltd"/>
				<Field Name="#DW_DOCUMENT_TYPE" Value=""/>
				<Field Name="#DW_COMPANY" Value=""/>
				<Field Name="#DW_DATE" Value=""/>
				<Field Name="#DW_CONTACT" Value=""/>
				<Field Name="#DW_CUSTOMER_ID" Value=""/>
				<Field Name="#DW_EMAIL" Value=""/>
				<Field Name="#DW_SUBJECT" Value=""/>
				<Field Name="#DW_STATUS" Value=""/>
				<Field Name="#DW_PENDING_DATE" Value=""/>
				<Field Name="#DW_DOCUMENT_NUMBER" Value=""/>
				<Field Name="#DW_PROJECT" Value=""/>
				<Field Name="#DW_AMOUNT" Value=""/>
				<Field Name="#DW_VAT_ID" Value=""/>
				<Field Name="#DW_IBAN" Value=""/>
			</KnowledgeFields>
		</KnowledgeObject>
	</KnowledgeObjects>
</AutoStore>
