<?xml version="1.0" encoding="utf-8"?>
<AutoStore NSI_SIG2="08121A5BCBBB52A6F9C9DA4D299ED8C5269B1B5E92F2789EF7A4CAF4901E00483686AF7BAE4B286729C43495943D36E6">
	<Header Version="2" DateCreated="2021-01-04" TimeCreated="16:23:27" AUTHOR="" COMMENTS=""/>
	<KnowledgeObjects ObjID="3976806929-53397-16398-175-98">
		<KnowledgeObject ObjID="1503800664-20523-17398-128-231">
			<KnowledgeDocuments>
				<KnowledgeDocument Type="tif" Name="r127.0.0.1_750c647c-2103-47b3-9e19-deb46045feb2.tif" ObjID="1687946914-43677-19341-133-46" DocRef="1115205750-27041-18632-177-66.dat"/>
			</KnowledgeDocuments>
			<KnowledgeFields>
				<Field Name="UserName" Value="john.campbellhiggens@kofax.com"/>
				<Field Name="Password" Value="Tyl3r5K1ngd0m!"/>
				<Field Name="LoginButton" Value="Login"/>
				<Field Name="Org" Value="Kofax UK Ltd"/>
				<Field Name="Cabinets" Value="Kofax Test"/>
				<Field Name="Status" Value="Kofax UK Ltd"/>
				<Field Name="#DW_DOCUMENT_TYPE" Value=""/>
				<Field Name="#DW_COMPANY" Value=""/>
				<Field Name="#DW_DATE" Value=""/>
				<Field Name="#DW_CONTACT" Value=""/>
				<Field Name="#DW_CUSTOMER_ID" Value=""/>
				<Field Name="#DW_EMAIL" Value=""/>
				<Field Name="#DW_SUBJECT" Value=""/>
				<Field Name="#DW_STATUS" Value=""/>
				<Field Name="#DW_PENDING_DATE" Value=""/>
				<Field Name="#DW_DOCUMENT_NUMBER" Value=""/>
				<Field Name="#DW_PROJECT" Value=""/>
				<Field Name="#DW_AMOUNT" Value=""/>
				<Field Name="#DW_VAT_ID" Value=""/>
				<Field Name="#DW_IBAN" Value=""/>
			</KnowledgeFields>
		</KnowledgeObject>
	</KnowledgeObjects>
</AutoStore>
